Date,PGV
2014-11-04,34672.4287
2014-11-05,18548.6260
2014-11-06,23553.3377
2014-11-07,44216.9456
2014-11-08,16315.3196
2014-11-09,24366.8880
2014-11-10,16.4658
2014-11-11,33794.2292
2014-11-12,23597.5077
2014-11-13,31217.1655
2014-11-14,36720.5823
2014-11-15,25301.4340
2014-11-16,17124.8775
2014-11-17,15755.7007
2014-11-18,12513.1794
2014-11-19,25494.1629
2014-11-20,26326.9501
2014-11-21,22135.3831
2014-11-22,39531.5139
2014-11-23,40530.8094
2014-11-24,54125.0856
2014-11-25,41352.8671
2014-11-26,32424.5042
2014-11-27,21398.1542
2014-11-28,37369.7944
2014-11-29,35270.6916
2014-11-30,34141.9882
2014-12-01,12354.9775
2014-12-02,18751.3951
2014-12-03,27878.0185
2014-12-04,21680.7536
2014-12-05,16867.4553
2014-12-06,18693.7192
2014-12-07,17498.4422
2014-12-11,1381.7668
2014-12-12,386716714.4429
2014-12-13,91122.3806
2014-12-14,621796.1292
2014-12-15,1349201.3367
2014-12-16,1658860.0225
2014-12-17,33906.9039
2014-12-18,29079.4185
2014-12-19,28094.0363
2014-12-20,72258.6527
2014-12-21,59590.8972
2014-12-22,44742.6138
2014-12-23,40583.6581
2014-12-24,81394.8147
2014-12-25,58513.3550
2014-12-26,40672.2616
2014-12-27,22804.4826
2014-12-28,24472.2954
2014-12-29,23232.7748
2014-12-30,40785.3027
2014-12-31,13322.2751
2015-01-01,9808.7393
2015-01-02,7437.1330
2015-01-03,26634.6392
2015-01-04,29214.5641
2015-01-05,28244.1478
2015-01-06,22931.7574
2015-01-07,27025.9285
2015-01-08,3876521.8642
2015-01-09,3515363.9617
2015-01-10,2990312.8569
2015-01-11,2413765.1144
2015-01-12,1875368.3432
2015-01-13,1082556.8404
2015-01-14,18381.1759
2015-01-15,108715.1356
2015-01-16,82328.4678
2015-01-17,2260112.8448
2015-01-18,3768132.6036
2015-01-19,3819497.3924
2015-01-20,4330245.6016
2015-01-21,5494320.5731
2015-01-22,4011690.5803
2015-01-23,4061614.6940
2015-01-24,3053628.3259
2015-01-25,131632.2074
2015-01-26,49628.8564
2015-01-27,2533717.9323
2015-01-28,2081162.4298
2015-01-29,100734.9360
2015-01-30,553575.0167
2015-01-31,2776608.3891
2015-02-01,3139142.3898
2015-02-02,3392663.7782
2015-02-03,3121910.4851
2015-02-04,95610.8526
2015-02-05,64166.7277
2015-02-06,3541612.0044
2015-02-07,2771989.0985
2015-02-08,2375990.6681
2015-02-09,19923711.5434
2015-02-10,13616147.2921
2015-02-11,63098.6547
2015-02-12,2076538.2238
2015-02-13,1473200.0140
2015-02-14,501391.3882
2015-02-15,2813693.3514
2015-02-16,3297409.8825
2015-02-17,513321.0893
2015-02-18,3166409.1338
2015-02-19,175476.5170
2015-02-20,4521965.4858
2015-02-21,4087742.2106
2015-02-22,3709306.0094
2015-02-23,2113229.3442
2015-02-24,2129840.0972
2015-02-25,977464.3902
2015-02-26,1282939.6633
2015-02-27,36467.1434
2015-02-28,2274237.1368
2015-03-01,2413638.7209
2015-03-02,3022583.4993
2015-03-03,5804.5392
2015-03-04,44042.0416
2015-03-05,2298082.4129
2015-03-06,358970.2156
2015-03-08,1960490.5737
2015-03-09,455055.5261
2015-03-10,2591138.1849
2015-03-11,1816545.9185
2015-03-12,1818387.7982
2015-03-13,1891328.1953
2015-03-14,1722455.9655
2015-03-15,2074386.5169
2015-03-16,2815242.3703
2015-03-17,3525404.2067
2015-03-18,3639952.0027
2015-03-19,849363.5408
2015-03-20,4666213.4998
2015-03-21,3836896.3811
2015-03-22,3522462.3409
2015-03-23,2642790.9558
2015-03-24,1403507.7778
2015-03-25,1162100.3473
2015-03-26,1845867.0106
2015-03-27,1789752.2058
2015-03-28,1763894.3889
2015-03-29,2022721.7828
2015-03-30,2498284.8660
2015-03-31,2754589.9098
2015-04-01,42438.8052
2015-04-02,1909427.7273
2015-04-03,1543741.1504
2015-04-04,61885.2172
2015-04-05,94587.5444
2015-04-06,67250.3515
2015-04-07,2611694.0347
2015-04-08,2672819.9237
2015-04-09,39735.2681
2015-04-10,57767.6053
2015-04-11,63670.8621
2015-04-12,473801.3339
2015-04-13,44767.4201
2015-04-14,2907451.3432
2015-04-15,569371.0068
2015-04-16,817887.5823
2015-04-17,116657.5940
2015-04-18,765865.3801
2015-04-19,85905.7127
2015-04-20,3696726.5399
2015-04-21,2759476.8639
2015-04-22,53985.6192
2015-04-23,185483.7158
2015-04-24,1324015.6545
2015-04-25,1645846.8150
2015-04-26,1528063.7750
2015-04-27,1836168.4735
2015-04-28,2159878.8200
2015-04-29,1164790.0392
2015-04-30,55056.8077
2015-05-01,3225917.7897
2015-05-02,3717465.2630
2015-05-03,4040645.1192
2015-05-04,2319345.9285
2015-05-05,1017560.1833
2015-05-06,3014400.7812
2015-05-07,2077694.2759
2015-05-08,2118473.9004
2015-05-09,660281.7636
2015-05-10,13860.1904
2015-05-11,81487.5902
2015-05-12,2283131.9142
2015-05-13,2929012.7248
2015-05-14,3500043.9684
2015-05-15,3853779.0816
2015-05-16,4392712.0637
2015-05-17,4812192.3934
2015-05-18,4384468.6986
2015-05-19,4481239.8665
2015-05-20,3351077.2432
2015-05-21,499756.5044
2015-05-22,1750635.3282
2015-05-23,1034877.1955
2015-05-24,1356078.7455
2015-05-25,884464.1531
2015-05-26,2049179.5070
2015-05-27,2309537.4707
2015-05-28,1983554.2902
2015-05-29,310128.9097
2015-05-30,2575981.5632
2015-05-31,835141.1809
2015-06-01,577167.4218
2015-06-02,4546076.0772
2015-06-03,48077.9365
2015-06-04,171304.2282
2015-06-05,2371583.1948
2015-06-06,1994767.7084
2015-06-07,2125112.3455
2015-06-08,1758792.0072
2015-06-09,2304579.9512
2015-06-12,284915.7045
2015-06-13,55230.4840
2015-06-16,121823.9393
2015-06-17,1129187.1269
2015-06-18,895757.5473
2015-06-19,2957603.1348
2015-06-20,2582439.6178
2015-06-21,1965496.8417
2015-06-22,2064766.5420
2015-06-23,1454090.0835
2015-06-24,1826872.7727
2015-06-25,2327687.2714
2015-06-26,1198825.8883
2015-06-27,20117.1131
2015-06-28,2958313.8010
2015-06-29,631427.2800
2015-06-30,1662130.7154
2015-07-01,3537.3561
2015-07-02,6234.6662
2015-07-03,12028.5015
2015-07-04,2939667.2551
2015-07-05,2643991.8910
2015-07-06,602580.4765
2015-07-07,2241174.1320
2015-07-08,525445.5145
2015-07-09,2445439.2805
2015-07-10,3349273.4149
2015-07-11,3107477.2928
2015-07-12,23353.0659
2015-07-13,3928086.9397
2015-07-14,4712906.1591
2015-07-15,4830926.3672
2015-07-16,4153774.4486
2015-07-17,3776912.3947
2015-07-18,639646.1592
2015-07-19,17264.7574
2015-07-20,2072574.4462
2015-07-21,2283487.1781
2015-07-22,1998627.1688
2015-07-23,1621030.4038
2015-07-24,92016.9056
2015-07-25,44121.5811
2015-07-26,1999218.8271
2015-07-27,87884.2253
2015-07-28,1751304.1040
2015-07-29,2451638.2722
2015-07-30,58628.7895
2015-07-31,37791.0135
2015-08-01,97621.6533
2015-08-02,3273924.6550
2015-08-03,915514.3590
2015-08-04,8774.0055
2015-08-05,2916924.1807
2015-08-06,2967689.5856
2015-08-07,2799499.0751
2015-08-08,2533003.8010
2015-08-09,2719829.6679
2015-08-10,422316.7038
2015-08-11,440434.1830
2015-08-12,4463959.9394
2015-08-13,3581929.4189
2015-08-14,2130565.2385
2015-08-15,66346.8462
2015-08-16,2955189.5727
2015-08-17,183678.2371
2015-08-18,2873603.9317
2015-08-19,348938.4570
2015-08-20,2380286.6738
2015-08-21,22101.1855
2015-08-22,18128.2323
2015-08-23,936910.4913
2015-08-24,51649.7454
2015-08-25,2884750.9619
2015-08-26,3639692.8041
2015-08-27,3730365.3931
2015-08-28,4047503.5879
2015-08-29,4802801.5468
2015-08-30,4431878.8957
2015-08-31,3754029.0469
2015-09-01,3865364.6014
2015-09-02,3945545.7000
2015-09-03,3328695.2082
2015-09-04,2816074.7778
2015-09-05,2483542.6329
2015-09-06,2272479.4598
2015-09-07,2869715.3726
2015-09-08,1168308.0944
2015-09-09,24570.3256
2015-09-10,1211540.8532
2015-09-11,1222540.8489
2015-09-12,3324707.2767
2015-09-13,2698071.6137
2015-09-14,3060934.4341
2015-09-15,2383837.0021
2015-09-16,3039706.7794
2015-09-17,835265.3828
2015-09-18,1137990.1764
2015-09-19,2779365.6744
2015-09-20,1937450.6565
2015-09-21,6337.8276
2015-09-22,2369393.0919
2015-09-23,2913795.2099
2015-09-24,2798451.7884
2015-09-25,703713.1572
2015-09-26,2126185.4365
2015-09-27,3884440.2495
2015-09-28,3745874.4692
2015-09-29,61379.7414
2015-09-30,119263.8769
2015-10-01,276996.3769
2015-10-02,3916267.0806
2015-10-03,3198955.0806
2015-10-04,2365992.5457
2015-10-05,1931539.0083
2015-10-06,113850.6887
2015-10-07,2143831.6147
2015-10-08,465225.0152
2015-10-09,624187.8386
2015-10-10,2664479.0401
2015-10-11,2260680.9056
2015-10-12,49406.1331
2015-10-13,3272829.9491
2015-10-14,3482731.5608
2015-10-15,3713076.1351
2015-10-16,3611200.4449
2015-10-17,3472614.0518
2015-10-18,2951064.1285
2015-10-19,2542400.4141
2015-10-20,2260834.2009
2015-10-21,2238372.4365
2015-10-22,1992465.6971
2015-10-23,2280827.4704
2015-10-24,2756427.0192
2015-10-25,2643892.1548
2015-10-26,2483817.3012
2015-10-27,4373443.9269
2015-10-28,4716261.1272
2015-10-29,4828923.3068
2015-10-30,4533361.0074
2015-10-31,3795379.2954
2015-11-01,1079544.4128
2015-11-02,2549441.4794
2015-11-03,1892888.6970
2015-11-04,1304931.3475
2015-11-05,1623349.1933
2015-11-06,2145540.3680
2015-11-07,2406162.3965
2015-11-08,2778481.5611
2015-11-09,2779895.4828
2015-11-10,3195058.5743
2015-11-11,3491716.1492
2015-11-12,3772010.5761
2015-11-13,4123630.1413
2015-11-14,2654842.0849
2015-11-15,137122.2012
2015-11-16,3632269.7298
2015-11-17,3089468.1364
2015-11-18,661576.1869
2015-11-19,593720.7250
2015-11-20,74836.5372
2015-11-21,342081.1136
2015-11-22,3098207.2500
2015-11-23,38343.1369
2015-11-24,3996056.4753
2015-11-25,1404192.4563
2015-11-26,3320381.3152
2015-11-27,4765404.6997
2015-11-28,3682041.0188
2015-11-29,174729.9815
2015-11-30,3807410.2059
2015-12-01,2608875.5650
2015-12-02,2106280.0147
2015-12-03,1649874.6256
2015-12-04,1616020.2759
2015-12-05,1658019.9271
2015-12-06,830720.8969
2015-12-07,980016.7071
2015-12-08,506192.3853
2015-12-09,3180915.5680
2015-12-10,3574885.5431
2015-12-11,3949090.2132
2015-12-12,4217399.7844
2015-12-13,4242358.9141
2015-12-14,4325762.3931
2015-12-15,3187846.6602
2015-12-16,103367.4113
2015-12-17,2632197.2775
2015-12-18,1489355.3601
2015-12-19,48887.9462
2015-12-20,99881.8164
2015-12-21,78985.8644
2015-12-22,107654.6066
2015-12-23,3727773.6462
2015-12-24,4257843.9630
2015-12-25,4623007.1245
2015-12-26,4474695.8054
2015-12-27,4720361.7309
2015-12-28,4394664.8922
2015-12-29,3875001.4872
2015-12-30,2395134.2602
2015-12-31,2130966.8533
2016-01-01,1035156.2539
2016-01-02,1876622.3852
2016-01-03,2121044.9261
2016-01-04,1800132.3034
2016-01-05,57844.4006
2016-01-06,2726470.4802
2016-01-07,494918.2063
2016-01-08,1666125.2322
2016-01-09,4142884.1460
2016-01-10,4361026.0891
2016-01-11,4527303.7146
2016-01-12,4654133.0388
2016-01-13,4399744.6771
2016-01-14,3836255.3374
2016-01-15,659106.5440
2016-01-16,503683.6171
2016-01-17,2606008.0167
2016-01-18,2413645.1832
2016-01-19,496126.9636
2016-01-20,76731.3532
2016-01-21,3163932.7290
2016-01-22,3814898.1745
2016-01-23,92937.2228
2016-01-24,3575286.9378
2016-01-25,3459411.6981
2016-01-26,4166623.7139
2016-01-27,3911354.6670
2016-01-28,3449962.8037
2016-01-29,196846.0797
2016-01-30,1500000.2379
2016-01-31,2159872.5943
2016-02-01,1948841.7343
2016-02-02,1812902.7932
2016-02-03,649855.4921
2016-02-04,701061.1070
2016-02-05,2941468.6229
2016-02-06,3542794.4392
2016-02-07,3946594.4159
2016-02-08,4151059.9949
2016-02-09,4340533.9403
2016-02-10,4540907.9623
2016-02-11,437181.6765
2016-02-12,3882990.7911
2016-02-13,248227.9283
2016-02-14,2493245.1893
2016-02-15,876968.8417
2016-02-16,150628.5661
2016-02-17,229970.1219
2016-02-18,1896339.4101
2016-02-19,3055586.9404
2016-02-20,3168393.8608
2016-02-21,3384420.5828
2016-02-22,3543584.6376
2016-02-23,3669659.3259
2016-02-24,3117416.2403
2016-02-25,100149.8478
2016-02-26,2630304.6615
2016-02-27,124737.1923
2016-02-28,1269156.9826
2016-02-29,589793.5836
2016-03-01,86049.5511
2016-03-02,102982.0769
2016-03-03,101881.3059
2016-03-04,434766.6081
2016-03-05,292959.8201
2016-03-06,70196.3621
2016-03-07,3517076.8483
2016-03-08,3398613.4609
2016-03-09,2609349.5997
2016-03-10,96441.1307
2016-03-11,1849994.9602
2016-03-12,3309801.6585
2016-03-13,2528981.5898
2016-03-14,1620043.7428
2016-03-15,1273819.0809
2016-03-16,305605.9650
2016-03-17,1293600.9103
2016-03-18,132536.4448
2016-03-19,2454347.7341
2016-03-20,3002597.5577
2016-03-21,1163931.9471
2016-03-22,2911511.7387
2016-03-23,3150427.7021
2016-03-24,2952666.1696
2016-03-25,2872170.3682
2016-03-26,2474901.8003
2016-03-27,2269368.1393
2016-03-28,399594.6144
2016-03-29,1423911.5411
2016-03-30,157637.7367
2016-03-31,40846.1458
2016-04-01,1544111.5354
2016-04-02,1985176.0862
2016-04-03,2713378.9055
2016-04-04,47519.2567
2016-04-05,788536.3058
2016-04-06,2436600.6156
2016-04-07,2816519.6519
2016-04-08,13534.1578
2016-04-09,3314045.6096
2016-04-10,2985805.3589
2016-04-11,1843671.5738
2016-04-12,1139889.7221
2016-04-13,32909.7484
2016-04-14,99184.2104
2016-04-15,77068.2868
2016-04-16,64269.1142
2016-04-17,2473109.1448
2016-04-18,78420.0027
2016-04-19,2893915.8790
2016-04-20,3122993.1032
2016-04-21,2000273.9155
2016-04-22,3713075.0893
2016-04-23,3576495.3332
2016-04-24,3103043.2493
2016-04-25,2607835.6870
2016-04-26,1772703.7836
2016-04-27,1592728.9469
2016-04-28,1221678.4705
2016-04-29,429726.6790
2016-04-30,203667.3626
2016-05-01,2313446.9909
2016-05-02,3150064.2285
2016-05-03,3553930.6458
2016-05-04,4061380.8346
2016-05-05,4380522.3083
2016-05-06,741671.2864
2016-05-07,23539.9346
2016-05-08,2767043.8348
2016-05-09,34611.2932
2016-05-10,49793.6490
2016-05-11,2017534.7829
2016-05-12,578139.6138
2016-05-13,151201.5549
2016-05-14,20286.3628
2016-05-15,2262447.5080
2016-05-16,2936326.2430
2016-05-17,2562113.5820
2016-05-18,3120963.7020
2016-05-19,3464389.3013
2016-05-20,3883840.4716
2016-05-21,4153983.4920
2016-05-22,3966373.8028
2016-05-23,3332201.0156
2016-05-24,2681453.8512
2016-05-25,1787322.7867
2016-05-26,1722529.8354
2016-05-27,1243670.5400
2016-05-28,1505311.7436
2016-05-29,2242259.6756
2016-05-30,2652427.4677
2016-05-31,3193922.0763
2016-06-01,3995020.9099
2016-06-02,3815501.2770
2016-06-03,2263738.2735
2016-06-04,38499.0247
2016-06-05,59823.1454
2016-06-06,21036.5511
2016-06-07,25374.0937
2016-06-08,2124907.8146
2016-06-09,2028517.8658
2016-06-10,18729.2929
2016-06-11,17700.5675
2016-06-12,63974.6589
2016-06-13,163634.7580
2016-06-14,2432609.2974
2016-06-15,2540576.4107
2016-06-16,3151286.5097
2016-06-17,2205399.2884
2016-06-18,3514387.3409
2016-06-19,30824.1580
2016-06-20,539502.9313
2016-06-21,294638.6278
2016-06-22,166393.4167
2016-06-23,367222.0349
2016-06-24,2128513.0928
2016-06-25,2179605.4629
2016-06-26,1969926.3501
2016-06-27,1940726.5021
2016-06-28,2545949.7778
2016-06-29,3163112.7078
2016-06-30,3482871.6723
2016-07-01,3774286.3603
2016-07-02,2814794.4372
2016-07-03,416750.5995
2016-07-04,7790.7322
2016-07-05,2467371.0379
2016-07-06,27032.4577
2016-07-07,2144492.4677
2016-07-08,15727.1244
2016-07-09,770448.0679
2016-07-10,80898.6240
2016-07-11,402693.0806
2016-07-12,1695213.5058
2016-07-13,18206.7410
2016-07-14,1908874.6677
2016-07-15,17336.1041
2016-07-18,65182219.2825
2016-07-19,278101455.6726
2016-07-20,10744044.0782
2016-07-21,2136746.9404
2016-07-22,2530331.1011
2016-07-23,616488.3163
2016-07-24,51015.1268
2016-07-25,592874.0419
2016-07-26,1132725.6631
2016-07-27,380981.0157
2016-07-28,179712.2269
2016-07-29,3231533.3059
2016-07-30,2409089.9896
2016-07-31,56183.9242
2016-08-01,1580428.2623
2016-08-02,13445.3390
2016-08-03,4132993.5491
2016-08-04,2698132.0071
2016-08-05,2638139.4189
2016-08-06,2837506.1378
2016-08-07,2142217.0608
2016-08-08,2370490.7228
2016-08-09,2289503.9239
2016-08-10,1389088.1405
2016-08-11,1919965.4971
2016-08-12,1784700.5674
2016-08-13,2499074.8594
2016-08-14,3393454.5460
2016-08-15,3768938.0972
2016-08-16,4011620.6446
2016-08-17,605228.0669
2016-08-18,627261.9671
2016-08-19,3849395.7065
2016-08-20,3250217.6663
2016-08-21,3579749.7040
2016-08-22,472059.1726
2016-08-23,604576.8063
2016-08-24,408448.5036
2016-08-25,2745440.9046
2016-08-26,2669756.4331
2016-08-27,2839760.9832
2016-08-28,3707519.7246
2016-08-29,583085.0844
2016-08-30,3721010.5583
2016-08-31,2253872.2017
2016-09-01,4219025.5738
2016-09-02,71184.6564
2016-09-03,3274489.0045
2016-09-04,3284608.4842
2016-09-05,2367665.4408
2016-09-06,2376898.1634
2016-09-07,2166440.0776
2016-09-08,1895939.9863
2016-09-09,1892765.1935
2016-09-10,1744060.5923
2016-09-11,2462550.1670
2016-09-12,2757790.5026
2016-09-13,3201127.3005
2016-09-14,3692172.0740
2016-09-15,3898935.0641
2016-09-16,4110375.6277
2016-09-17,3662867.7865
2016-09-18,3767722.3842
2016-09-19,5817441.6532
2016-09-20,4153301.8307
2016-09-21,691283.9757
2016-09-22,3216520.3449
2016-09-23,2713606.9953
2016-09-24,34906.8548
2016-09-25,33860.5264
2016-09-26,2855936.6104
2016-09-27,2963577.6894
2016-09-28,3083881.0807
2016-09-29,3100027.8663
2016-09-30,3235226.2300
2016-10-01,2992497.0659
2016-10-02,3343122.3553
2016-10-03,2981666.2434
2016-10-04,3190188.1172
2016-10-05,3298086.2524
2016-10-06,2879758.4149
2016-10-07,302007.0914
2016-10-08,2097439.8615
2016-10-09,156948.9358
2016-10-10,934636.3366
2016-10-12,23131.6512
2016-10-13,2919250.2709
2016-10-14,3073480.3006
2016-10-15,4232674.0854
2016-10-16,4788510.1290
2016-10-17,64636.4312
2016-10-18,131758.5843
2016-10-19,4142937.5163
2016-10-20,133743.0248
2016-10-21,414219.3013
2016-10-22,2481054.4863
2016-10-23,1919282.8003
2016-10-24,1382960.1191
2016-10-25,2240336.2852
2016-10-26,1517559.9790
2016-10-27,2678729.4937
2016-10-28,2619493.0740
2016-10-29,2981968.0809
2016-10-30,2570011.0232
2016-10-31,599423.7308
2016-11-01,2875179.7701
2016-11-02,3077617.6398
2016-11-03,3045056.4714
2016-11-04,3297434.9766
2016-11-05,2849553.9176
2016-11-06,1272690.6062
2016-11-07,1855802.9385
2016-11-08,1826404.7570
2016-11-09,112422.4778
2016-11-10,1088366.6589
2016-11-11,3080976.5552
2016-11-12,1217923.2740
2016-11-13,3674074.8924
2016-11-14,4545159.4015
2016-11-15,4877338.0749
2016-11-16,5064167.5018
2016-11-17,5008084.6500
2016-11-18,4186703.8439
2016-11-19,3434289.6611
2016-11-20,2724731.8849
2016-11-21,1637633.2733
2016-11-22,1545541.4999
2016-11-23,1692222.6876
2016-11-24,2380522.0111
2016-11-25,2554939.0475
2016-11-27,3001370.5071
2016-11-28,1046660.3494
2016-11-29,3765863.7877
2016-11-30,3808836.3915
2016-12-01,3891072.5538
2016-12-02,3828362.6650
2016-12-03,3690881.2271
2016-12-04,3514968.6676
2016-12-05,2934444.4168
2016-12-06,2433860.5765
2016-12-07,1752713.5637
2016-12-08,199655.6077
2016-12-09,2086630.7547
2016-12-10,2837019.3752
2016-12-11,3414210.7786
2016-12-12,2385544.4880
2016-12-13,4323312.5137
2016-12-14,3469329.2730
2016-12-15,4924757.8251
2016-12-16,4830027.1926
2016-12-17,5117562.6882
2016-12-18,3247763.2431
2016-12-19,2903442.3150
2016-12-20,1926149.3725
2016-12-21,1822770.6526
2016-12-22,68051.4408
2016-12-23,2000539.2862
2016-12-24,1810275.5800
2016-12-25,2183571.4868
2016-12-26,2846172.0793
2016-12-27,3576831.7689
2016-12-28,3787110.3266
2016-12-29,3966009.8494
2016-12-30,4200815.1239
2016-12-31,553914.3482
2017-01-01,24806.7833
2017-01-02,3926571.7539
2017-01-03,3477767.6224
2017-01-04,2539921.6224
2017-01-05,2101129.9682
2017-01-06,2469995.3416
2017-01-07,2339646.9460
2017-01-08,2684255.1147
2017-01-09,1103667.0267
2017-01-10,1056785.0428
2017-01-11,6449055.6467
2017-01-12,4334681.2260
2017-01-13,48593.7722
2017-01-14,4725139.5780
2017-01-15,4440673.8469
2017-01-16,3828981.6524
2017-01-17,3003267.6258
2017-01-18,2258759.3961
2017-01-19,1984315.4423
2017-01-20,1980664.7967
2017-01-21,1983113.1222
2017-01-22,3267858.8570
2017-01-23,2277534.0348
2017-01-24,2703766.2734
2017-01-25,3243308.7291
2017-01-26,3420858.5831
2017-01-27,3695557.0086
2017-01-28,3997158.2597
2017-01-29,4150003.3197
2017-01-30,4358324.7329
2017-01-31,3258482.2895
2017-02-01,3525517.4438
2017-02-02,2303561.7019
2017-02-03,2377188.0825
2017-02-04,2586658.2164
2017-02-05,2161916.2315
2017-02-06,1968821.3061
2017-02-07,1676976.1805
2017-02-08,1731665.7474
2017-02-09,4193741.2177
2017-02-10,4116652.7987
2017-02-11,4353908.6960
2017-02-12,4074205.7398
2017-02-13,4204657.0132
2017-02-14,3279719.1230
2017-02-15,2383502.8690
2017-02-16,48462709.2147
2017-02-17,315493632.8722
2017-02-18,3057828.7719
2017-02-19,1147146.1425
2017-02-20,1096222.3175
2017-02-21,341728.7895
2017-02-22,1837136.4402
2017-02-23,2920534.5542
2017-02-24,30262.9541
2017-02-25,2891163.4998
2017-02-26,3494677.2086
2017-02-27,3947382.1330
2017-02-28,4055869.8771
2017-03-01,3417713.2366
2017-03-02,3117198.6079
2017-03-03,2261322.9385
2017-03-04,2362983.0504
2017-03-05,2182333.3195
2017-03-06,1607562.6466
2017-03-07,2324872.4277
2017-03-08,2781069.7679
2017-03-09,1796076.5639
2017-03-10,3247292.5437
2017-03-11,3365356.6985
2017-03-12,2479172.7529
2017-03-13,29628.4217
2017-03-14,3468455.0662
2017-03-15,2982082.9963
2017-03-16,1843347.8427
2017-03-17,1507639.1574
2017-03-18,936152.5646
2017-03-19,1115305.5483
2017-03-20,1376290.4055
2017-03-21,1400293.2994
2017-03-22,27623.4925
2017-03-23,351464.8216
2017-03-24,3075928.2056
2017-03-25,683154.4696
2017-03-26,3102347.9110
2017-03-27,25580.4952
2017-03-28,3122714.6369
2017-03-29,3631151.8391
2017-03-30,3202617.6977
2017-03-31,3176670.2422
2017-04-01,1996569.7320
2017-04-02,1870258.7488
2017-04-03,1930575.7345
2017-04-04,1927182.2114
2017-04-05,2268877.8078
2017-04-06,2890800.1355
2017-04-07,3129239.5598
2017-04-08,3151351.7440
2017-04-09,3360273.9027
2017-04-10,3553545.7360
2017-04-11,3733670.1075
2017-04-12,3077374.2531
2017-04-13,133859.6201
2017-04-14,2242213.0665
2017-04-15,1719079.1061
2017-04-16,1572511.9398
2017-04-17,1001734.8716
2017-04-18,1275421.8663
2017-04-19,1204982.8679
2017-04-20,1716938.0031
2017-04-21,2473022.9950
2017-04-22,2990040.3696
2017-04-23,3706108.7071
2017-04-24,727374.5053
2017-04-25,3991341.4422
2017-04-26,940618.7676
2017-04-27,4127799.8020
2017-04-28,24125.8512
2017-04-29,2553583.1457
2017-04-30,2312321.8621
2017-05-01,1854033.9218
2017-05-02,1760880.3594
2017-05-03,2135637.7953
2017-05-04,1950254.3804
2017-05-05,2655810.4160
2017-05-06,3089607.5788
2017-05-07,3134511.7468
2017-05-08,3846817.0369
2017-05-09,3827819.1060
2017-05-10,4121486.1891
2017-05-11,3919951.0203
2017-05-12,3560511.7456
2017-05-13,164954.7622
2017-05-14,2274828.2718
2017-05-15,901706.8488
2017-05-16,57152.1476
2017-05-17,725543.4538
2017-05-18,1441916.6851
2017-05-19,1668907.5583
2017-05-20,2460363.0442
2017-05-21,267663.6107
2017-05-22,3561235.8397
2017-05-23,3999492.6292
2017-05-24,4832745.7424
2017-05-25,672225.9502
2017-05-26,3471638.0259
2017-05-27,73936.6853
2017-05-28,3141779.0037
2017-05-29,2584512.1752
2017-05-30,1295723.1526
2017-05-31,129325.3216
2017-06-01,2028460.8370
2017-06-02,45009.2587
2017-06-03,2613253.5610
2017-06-04,3063604.2266
2017-06-05,762746.9255
2017-06-06,3687159.0172
2017-06-07,1350191.6634
2017-06-08,2614647.9612
2017-06-09,4255249.1309
2017-06-10,3772797.3770
2017-06-11,3247162.0515
2017-06-12,2136904.7275
2017-06-13,1704168.2594
2017-06-14,90434.8414
2017-06-15,1099471.2264
2017-06-16,226780.4671
2017-06-17,1819190.2277
2017-06-18,2607491.3401
2017-06-19,168078.0686
2017-06-20,3036200.3053
2017-06-21,4078490.8505
2017-06-22,2990000.0470
2017-06-23,5428502.1625
2017-06-24,65403.3196
2017-06-25,4334181.1821
2017-06-26,2627841.0680
2017-06-27,2286086.1090
2017-06-28,2045157.7297
2017-06-29,1801661.2581
2017-06-30,2174178.8568
2017-07-01,58716.6968
2017-07-02,86963.7823
2017-07-03,2645423.1141
2017-07-04,2579742.9594
2017-07-05,3283144.4962
2017-07-06,4416198.0656
2017-07-07,3897826.6974
2017-07-08,4379426.3760
2017-07-09,4350337.6442
2017-07-10,3472359.8042
2017-07-11,3067445.6780
2017-07-12,2267171.7795
2017-07-13,2253009.7497
2017-07-14,2053136.5061
2017-07-15,1722187.2092
2017-07-16,2269531.7872
2017-07-17,2785219.7702
2017-07-18,3319023.9147
2017-07-19,2323901.2086
2017-07-20,587603.8042
2017-07-21,4945016.8189
2017-07-22,4589367.6826
2017-07-23,5219161.2262
2017-07-24,4137018.9710
2017-07-25,2936567.4126
2017-07-26,41134.7467
2017-07-27,2259190.5406
2017-07-28,1889938.7888
2017-07-29,2176249.3963
2017-07-30,2040125.9356
2017-07-31,1098170.7272
2017-08-01,1472041.3350
2017-08-02,2448568.8023
2017-08-03,3176973.6090
2017-08-04,768237.5100
2017-08-05,4025128.2913
2017-08-06,1731209.8759
2017-08-07,2014285.4404
2017-08-08,2252295.6947
2017-08-09,2716091.7729
2017-08-10,3148145.2749
2017-08-11,240381.2162
2017-08-12,7146.1725
2017-08-13,12245.2538
2017-08-14,61575.1966
2017-08-15,1294015.7656
2017-08-16,2529697.0510
2017-08-17,418513.8249
2017-08-18,3879769.8072
2017-08-19,117684.6691
2017-08-20,4849155.8803
2017-08-21,4404685.3589
2017-08-22,4379921.3794
2017-08-23,3618585.9502
2017-08-24,3359951.4315
2017-08-25,3000009.8208
2017-08-26,2967612.8860
2017-08-27,2513940.1506
2017-08-28,1198209.5992
2017-08-29,1864609.5673
2017-08-30,2587843.1051
2017-08-31,2202710.3545
2017-09-01,2875406.1572
2017-09-02,1448375.9795
2017-09-03,1698645.0607
2017-09-04,2131470.4030
2017-09-05,1634046.2930
2017-09-06,1161909.9488
2017-09-07,1740061.7075
2017-09-08,8692572.0549
2017-09-09,3315009.3417
2017-09-10,2963260.0997
2017-09-11,3234384.1065
2017-09-12,3145737.9773
2017-09-13,2458191.4128
2017-09-14,3118304.3328
2017-09-15,3274066.8007
2017-09-16,3413795.7322
2017-09-17,3787886.3276
2017-09-18,4129876.8170
2017-09-19,3625201.1314
2017-09-20,2851392.9660
2017-09-21,3288441.2046
2017-09-22,3438474.9664
2017-09-23,3200045.2731
2017-09-24,3052283.0856
2017-09-25,2741656.4207
2017-09-26,2283511.6263
2017-09-27,2073207.2708
2017-09-28,332492.8220
2017-09-29,653208.5887
2017-09-30,1358049.1711
2017-10-01,2553191.3079
2017-10-02,3081986.1515
2017-10-03,343871.8048
2017-10-04,472901.2484
2017-10-05,3340571.0363
2017-10-06,3663411.5767
2017-10-07,2603100.9399
2017-10-08,53648.4248
2017-10-09,4200247.6195
2017-10-10,3449344.5741
2017-10-11,3298048.8192
2017-10-12,2671584.7384
2017-10-13,870354.2939
2017-10-14,2328170.4992
2017-10-15,112636.6291
2017-10-16,2023005.1293
2017-10-17,2297828.9689
2017-10-18,2942454.1748
2017-10-19,3368924.6406
2017-10-20,3590072.1973
2017-10-21,3604264.5662
2017-10-22,3174100.1223
2017-10-23,1168750.1572
2017-10-24,3165051.4962
2017-10-25,2225590.9213
2017-10-26,2276726.3904
2017-10-27,746786.4504
2017-10-28,52787.8006
2017-10-29,1555186.4611
2017-10-30,1688753.4856
2017-10-31,2293562.0811
2017-11-01,1617556.3392
2017-11-02,3448450.1515
2017-11-03,2460571.4719
2017-11-04,4318896.8219
2017-11-05,5043820.1481
2017-11-06,4193011.8090
2017-11-07,4490768.9687
2017-11-08,3719894.9187
2017-11-09,2922183.3095
2017-11-10,1300590.3967
2017-11-11,1919585.6301
2017-11-12,1940274.0057
2017-11-13,2215923.1244
2017-11-15,65039755.8122
2017-11-16,3870839.3201
2017-11-17,3360957.4417
2017-11-18,3546276.9982
2017-11-19,4095389.4090
2017-11-20,2560755.3623
2017-11-21,3725185.4159
2017-11-22,3411386.5207
2017-11-23,3320430.7981
2017-11-24,2210274.1375
2017-11-25,1858995.4606
2017-11-26,1554984.8975
2017-11-27,1076068.9259
2017-11-28,1462750.8008
2017-11-29,2387311.9296
2017-11-30,2737624.8840
2017-12-01,3019600.7978
2017-12-02,4155304.1191
2017-12-03,4656207.5402
2017-12-04,5031639.9103
2017-12-05,5023706.4050
2017-12-06,4958884.5190
2017-12-07,4556310.6884
2017-12-08,884698.3289
2017-12-09,1882305.8269
2017-12-10,1928302.6767
2017-12-11,1379486.8927
2017-12-12,1708765.4660
2017-12-13,2245407.5404
2017-12-14,2250137.0322
2017-12-15,3059923.8793
2017-12-16,3329091.7794
2017-12-17,3479790.6732
2017-12-18,3412076.1176
2017-12-19,3647396.1178
2017-12-20,3803483.1070
2017-12-21,164163.2825
2017-12-22,3744392.4123
2017-12-23,2632761.8252
2017-12-24,2480014.1226
2017-12-25,1956018.5509
2017-12-26,1843126.6804
2017-12-27,1434566.9092
2017-12-28,1823907.9927
2017-12-29,2787270.2008
2017-12-30,3509146.8879
2017-12-31,35023.0866
2018-01-01,4284240.0496
2018-01-02,4915239.8128
2018-01-03,5025123.4400
2018-01-04,3092835.8527
2018-01-05,4016800.3982
2018-01-06,3336200.6467
2018-01-07,2825163.5294
2018-01-08,1854643.1395
2018-01-09,2059525.1616
2018-01-10,2442163.0193
2018-01-11,1725216.8603
2018-01-12,2241251.5001
2018-01-13,2665373.6626
2018-01-14,2936762.7469
2018-01-15,2462889.0952
2018-01-16,3538537.3465
2018-01-17,3827011.8589
2018-01-18,3894378.0764
2018-01-19,174424.5082
2018-01-20,186688243.8263
2018-01-21,4996597.6664
2018-01-22,2202751.0011
2018-01-23,6231177.3756
2018-01-24,1640582.1447
2018-01-25,2414241.8735
2018-01-26,2344684.8893
2018-01-27,384126.0198
2018-01-28,2763003.8202
2018-01-29,3878200.4081
2018-01-30,4327933.8510
2018-01-31,3540966.5763
2018-02-01,4896383.4981
2018-02-02,4810431.5382
2018-02-03,398297.4658
2018-02-04,4160146.7105
2018-02-05,2489456.1484
2018-02-06,1973968.4620
2018-02-07,48375.3447
2018-02-08,1138007.9651
2018-02-09,1296124.0050
2018-02-10,20358.0017
2018-02-11,1580129.6292
2018-02-12,2700267.4748
2018-02-13,2961000.0830
2018-02-14,2235597.3198
2018-02-15,3577333.0677
2018-02-16,3615093.2259
2018-02-17,3147078.9512
2018-02-18,71399.4075
2018-02-19,3907372.9012
2018-02-20,2551725.7010
2018-02-21,2425421.6497
2018-02-22,2030354.2965
2018-02-23,1123344.7363
2018-02-24,2098222.8090
2018-02-25,2465743.7990
2018-02-26,71787.5466
2018-02-27,56076.2301
2018-02-28,3827592.4433
2018-03-01,3663417.0615
2018-03-02,3928597.4899
2018-03-03,4361987.4721
2018-03-04,3622003.8169
2018-03-05,3496989.7268
2018-03-06,2852545.9497
2018-03-07,1957097.1369
2018-03-08,1832545.4985
2018-03-09,1846432.8014
2018-03-10,923739.5053
2018-03-13,2820668.4762
2018-03-14,2594084.1520
2018-03-15,3269313.3394
2018-03-16,3010188.0362
2018-03-17,3181427.0955
2018-03-18,3305170.1751
2018-03-19,3404389.2330
2018-03-20,3360104.8819
2018-03-21,474601.0669
2018-03-22,1793835.6711
2018-03-23,1907573.7431
2018-03-24,2021175.8014
2018-03-25,1940328.2302
2018-03-26,1812177.7839
2018-03-27,3041362.1952
2018-03-28,3407766.6838
2018-03-29,33127.4998
2018-03-30,3124608.3713
2018-03-31,2878238.4030
2018-04-01,3640473.2222
2018-04-02,3068959.6725
2018-04-03,2945757.2824
2018-04-04,2222709.4641
2018-04-05,1494756.6331
2018-04-06,1327885.8219
2018-04-07,1340299.3063
2018-04-08,1481544.3645
2018-04-09,1563466.0165
2018-04-10,2141979.7067
2018-04-11,167289.2027
2018-04-12,256489.0106
2018-04-13,2836524.0017
2018-04-14,2874381.0752
2018-04-15,3985513.4011
2018-04-16,3693495.3484
2018-04-17,2874448.9977
2018-04-18,2305462.6446
2018-04-19,1089254.3926
2018-04-20,1899081.4449
2018-04-21,1649148.0026
2018-04-22,1538014.8934
2018-04-23,1304164.2282
2018-04-24,2575329.7200
2018-04-25,3204325.0926
2018-04-26,826582.4188
2018-04-27,3329303.3192
2018-04-28,232280.5708
2018-04-29,4274404.6893
2018-04-30,4168855.5508
2018-05-01,3577774.7537
2018-05-02,206414.3645
2018-05-03,2088611.3415
2018-05-04,1646362.2573
2018-05-05,1228055.0830
2018-05-06,805526.3668
2018-05-07,959971.9729
2018-05-08,1290839.3496
2018-05-09,1797991.8342
2018-05-10,296186.8924
2018-05-11,3144711.4290
2018-05-12,1862216.8418
2018-05-13,761935.6043
2018-05-14,4570501.7700
2018-05-15,2354911.8269
2018-05-16,2643374.9209
2018-05-17,2531775.1068
2018-05-18,2320164.3943
2018-05-19,1765767.3066
2018-05-20,1451082.2429
2018-05-21,1852009.9007
2018-05-22,572524.7490
2018-05-23,2531529.6886
2018-05-24,3108271.7796
2018-05-25,3357373.5814
2018-05-26,3287015.3937
2018-05-27,3883676.3643
2018-05-28,4294949.1021
2018-05-29,4354946.5800
2018-05-30,3836937.3163
2018-05-31,963037.8222
2018-06-01,2583995.1590
2018-06-02,1564272.0025
2018-06-03,1328273.1644
2018-06-04,1389747.7953
2018-06-05,1161139.0626
2018-06-06,1209962.7962
2018-06-07,1826778.1907
2018-06-08,2380503.1878
2018-06-09,2947407.6696
2018-06-10,3526296.3054
2018-06-11,4163721.6341
2018-06-12,5073946.0157
2018-06-13,5291127.6169
2018-06-14,38563.6475
2018-06-15,208644.3612
2018-06-16,2457833.2807
2018-06-17,21793.8430
2018-06-18,1813003.3513
2018-06-19,1642493.1816
2018-06-20,53501.6370
2018-06-21,1799165.8594
2018-06-22,2694500.7310
2018-06-23,2322375.2850
2018-06-24,2411704.8566
2018-06-25,3733309.0671
2018-06-26,4309060.0012
2018-06-27,4256339.2729
2018-06-28,1723319.7439
2018-06-29,2340684.0735
2018-06-30,3026917.1346
2018-07-01,2381583.3695
2018-07-02,1816874.5438
2018-07-03,1583902.5563
2018-07-04,1675540.3514
2018-07-05,1506722.1874
2018-07-06,1591674.7558
2018-07-07,2260444.1895
2018-07-08,2032798.6517
2018-07-09,3490955.3450
2018-07-10,4218059.1923
2018-07-11,1091201.9486
2018-07-12,4776450.8649
2018-07-13,5055393.5781
2018-07-14,4255870.1467
2018-07-15,2747318.5734
2018-07-16,2422454.9575
2018-07-17,2557001.7559
2018-07-18,415716.3461
2018-07-19,2352586.5913
2018-07-20,2260860.4030
2018-07-21,2379816.9634
2018-07-22,2678747.5093
2018-07-23,3237680.4025
2018-07-24,137394.7925
2018-07-25,519054.1557
2018-07-26,4113958.2412
2018-07-27,1892886.8992
2018-07-28,3760014.0449
2018-07-29,3520484.1820
2018-07-30,2711831.5035
2018-07-31,129792.7584
2018-08-01,55052.6565
2018-08-02,90744.0821
2018-08-03,1865515.0089
2018-08-04,2099634.8100
2018-08-05,2385633.5785
2018-08-06,2762222.4749
2018-08-07,3552212.6951
2018-08-08,4539216.2336
2018-08-09,5223549.0031
2018-08-10,2770012.2127
2018-08-13,3037351.9553
2018-08-14,3615627.6151
2018-08-15,27705.6922
2018-08-16,2767828.3980
2018-08-17,2315522.9201
2018-08-18,1857770.4214
2018-08-19,1047697.3295
2018-08-20,1191836.2705
2018-08-21,3031148.5211
2018-08-22,2341460.7519
2018-08-28,1139243.0251
2018-08-30,64978339.5848
2018-08-31,5190255.5396
2018-09-01,8427922.9695
2018-09-02,1637921.8544
2018-09-03,1220110.9807
2018-09-04,3014027.2770
2018-09-05,69482.6888
2018-09-06,1154090.6951
2018-09-07,2000938.6818
2018-09-08,2353955.4589
2018-09-09,2593377.5667
2018-09-10,3111254.3332
2018-09-11,3565499.9843
2018-09-12,68010.3521
2018-09-13,3501942.2154
2018-09-15,34105259.5145
2018-09-16,82279.7237
2018-09-17,47418.6128
2018-09-18,1940463.8129
2018-09-19,40920.4470
2018-09-20,217392.8250
2018-09-21,947322.6434
2018-09-22,3423705.6222
2018-09-23,3464172.4188
2018-09-24,2454150.4175
2018-09-25,3178438.1369
2018-09-26,3311359.1594
2018-09-27,3606247.6977
2018-09-28,82202.3942
2018-10-02,29395167.4953
2018-10-03,196157448.2167
2018-10-04,6611349.4965
2018-10-05,3521566.2720
2018-10-06,4067650.7204
2018-10-07,3608685.9663
2018-10-08,3649664.7810
2018-10-09,3673270.4218
2018-10-10,3890876.8474
2018-10-11,3720694.0785
2018-10-12,3888991.7075
2018-10-13,3336395.7751
2018-10-14,2753472.2654
2018-10-15,2292717.2599
2018-10-16,1632515.2409
2018-10-17,1870083.4797
2018-10-18,1512559.6992
2018-10-19,2027314.3923
2018-10-20,2352796.3332
2018-10-21,2770533.4131
2018-10-22,5257402.3426
2018-10-23,2852482.1827
2018-10-24,3348732.9810
2018-10-25,4061485.9750
2018-10-26,4269086.5241
2018-10-27,4271599.5547
2018-10-28,4152983.3079
2018-10-29,3800745.6028
2018-10-30,3306831.8570
2018-10-31,302363.3037
2018-11-01,1176996.9131
2018-11-02,2171622.2221
2018-11-03,2634382.1653
2018-11-04,3029585.6945
2018-11-05,2937225.4337
2018-11-06,3414897.4601
2018-11-07,2584788.9478
2018-11-08,1914388.2136
2018-11-09,4235715.8958
2018-11-10,4004376.3207
2018-11-11,3660511.2680
2018-11-12,322972.4952
2018-11-13,2723914.9760
2018-11-14,2142050.9611
2018-11-15,1722299.0525
2018-11-16,769369.2322
2018-11-17,344447.2885
2018-11-18,1949214.8177
2018-11-19,2286746.6586
2018-11-20,1029788.6716
2018-11-21,3181238.6135
2018-11-22,2721323.2293
2018-11-23,3087174.8460
2018-11-24,4818931.5733
2018-11-25,4890313.4927
2018-11-26,4629763.8248
2018-11-27,3723448.9390
2018-11-28,1374685.3937
2018-11-29,2686938.3307
2018-11-30,1303204.2436
2018-12-01,1714399.8461
2018-12-02,2331652.7586
2018-12-03,2826250.5125
2018-12-04,2943760.5920
2018-12-05,1832076.2695
2018-12-06,3771234.8472
2018-12-07,2806450.2070
2018-12-08,36589.2586
2018-12-10,3370907.0508
2018-12-11,3858160.1263
2018-12-12,2669873.5951
2018-12-13,2227130.1687
2018-12-14,2032000.3901
2018-12-15,1462034.1392
2018-12-16,1546210.8055
2018-12-17,271736.2292
2018-12-21,711675.0168
2018-12-22,3445421.9705
2018-12-23,2407778.3470
2018-12-24,4101244.8602
2018-12-25,5004380.1253
2018-12-26,3751716.6416
2018-12-27,3644966.2769
2018-12-28,1939540.5809
2018-12-29,499108.3025
2018-12-30,2184170.0646
2018-12-31,231163.7035
2019-01-01,2368702.3305
2019-01-02,2349103.1373
2019-01-03,3266535.5029
2019-01-04,2695919.1175
2019-01-05,3507851.7159
2019-01-06,3983889.4661
2019-01-07,3948898.8964
2019-01-08,3098602.2086
2019-01-09,2408361.7272
2019-01-10,3488974.2078
2019-01-11,3023786.3859
2019-01-12,2413980.2660
2019-01-13,1773582.0655
2019-01-14,2093641.6262
2019-01-15,2205630.9878
2019-01-16,1902659.8705
2019-01-17,2646983.6708
2019-01-18,3445867.7239
2019-01-19,3999925.7263
2019-01-20,4845384.8363
2019-01-21,4649521.1150
2019-01-22,5115401.2773
2019-01-23,5120835.6466
2019-01-24,4493814.2097
2019-01-25,3810123.4547
2019-01-26,809167.5695
2019-01-27,462250.4900
2019-01-28,42599.7670
2019-01-29,36109.5613
2019-01-30,1971099.4976
2019-01-31,2609859.7052
2019-02-01,2783689.5723
2019-02-02,1918221.4279
2019-02-03,3476123.8319
2019-02-04,3776511.1216
2019-02-05,2917241.0283
2019-02-06,2395825.0050
2019-02-07,3784280.7527
2019-02-08,3534230.2641
2019-02-09,2425566.9043
2019-02-10,2177391.0616
2019-02-11,462163.1449
2019-02-12,1145339.4426
2019-02-13,1146883.1997
2019-02-14,310461.3193
2019-02-15,2455530.6452
2019-02-16,3124038.2452
2019-02-17,3691181.4565
2019-02-18,4162351.1624
2019-02-19,5030396.0417
2019-02-20,4309633.0532
2019-02-21,5147530.8877
2019-02-22,714680.3261
2019-02-23,3537330.2425
2019-02-24,2209007.9172
2019-02-25,1362263.6836
2019-02-26,1825824.7894
2019-02-27,1830168.9183
2019-02-28,1732725.8299
2019-03-01,2179174.5012
2019-03-02,2701083.9607
2019-03-03,2777264.1278
2019-03-04,3043964.1985
2019-03-05,3324659.6090
2019-03-06,2961916.6674
2019-03-07,2950047.1982
2019-03-08,2922144.8240
2019-03-09,3439868.4464
2019-03-10,2725379.5127
2019-03-11,2267479.3793
2019-03-12,1543871.4916
2019-03-13,209358.4161
2019-03-14,1138854.4780
2019-03-15,2061840.7726
2019-03-16,2353537.8067
2019-03-17,2446242.7034
2019-03-18,3520960.8069
2019-03-19,3565389.7807
2019-03-20,3138009.2433
2019-03-21,4785400.0346
2019-03-22,3834349.4783
2019-03-23,3600640.0813
2019-03-24,2884195.1887
2019-03-25,93580.9373
2019-03-26,1461937.5357
2019-03-27,1460561.5804
2019-03-28,1474455.4051
2019-03-29,1633318.8153
2019-03-30,1991288.8535
2019-03-31,2472503.1391
2019-04-01,1192497.0798
2019-04-02,904623.2840
2019-04-03,641226.2566
2019-04-04,3265428.9436
2019-04-05,472875.7533
2019-04-06,3270368.4721
2019-04-07,3012732.8635
2019-04-08,2625619.7185
2019-04-09,2174990.7294
2019-04-10,1568555.2062
2019-04-11,1697060.9534
2019-04-12,1191002.4660
2019-04-13,1917072.9315
2019-04-14,2663972.5878
2019-04-15,434210.6163
2019-04-16,3663952.2636
2019-04-17,3677402.8635
2019-04-18,3830473.2089
2019-04-19,2651316.6977
2019-04-20,28611.0307
2019-04-21,475737.5130
2019-04-22,2776799.8294
2019-04-23,404604.8457
2019-04-24,1257031.6139
2019-04-25,852092.1196
2019-04-26,866021.3677
2019-04-27,1240847.8210
2019-04-28,1992031.0418
2019-04-29,2144303.6982
2019-04-30,2549584.9105
2019-05-01,2377149.1534
2019-05-02,3233018.6578
2019-05-03,2560109.6148
2019-05-04,4107891.1197
2019-05-05,4150759.6574
2019-05-06,3772035.9115
2019-05-07,3021299.2569
2019-05-08,42480.5032
2019-05-09,1609595.1184
2019-05-10,1579734.7031
2019-05-11,1671447.3681
2019-05-12,1509837.6091
2019-05-13,2374326.4309
2019-05-14,481135.7990
2019-05-15,2654070.3791
2019-05-16,276815.0663
2019-05-17,254828.3626
2019-05-18,4709934.2392
2019-05-19,4423480.1204
2019-05-20,3576026.2246
2019-05-21,2963537.7515
2019-05-22,1965510.4098
2019-05-23,226570.1554
2019-05-24,1013479.3030
2019-05-25,1070293.4171
2019-05-26,2363890.9367
2019-05-28,1807297.1808
2019-05-29,2446654.2657
2019-05-30,3156950.3430
2019-05-31,3522135.6479
2019-06-01,4098361.5096
2019-06-02,4746744.5134
2019-06-03,4767080.2096
2019-06-04,4482421.4938
2019-06-05,3425939.6523
2019-06-06,2356040.5113
2019-06-07,70487.8736
2019-06-08,1613182.7145
2019-06-09,1747096.6661
2019-06-10,2204515.2778
2019-06-11,2911124.4801
2019-06-12,34214.7713
2019-06-13,539736.8193
2019-06-14,3880467.2499
2019-06-15,30432.6816
2019-06-16,45817.4481
2019-06-17,3620280.3287
2019-06-18,3921426.2670
2019-06-19,2178678.1656
2019-06-20,1963605.3410
2019-06-21,1855530.5302
2019-06-22,1582887.2921
2019-06-23,473083.9672
2019-06-24,1389560.5406
2019-06-25,1131786.2105
2019-06-26,1918419.1292
2019-06-27,1314263.7790
2019-06-28,90650.5541
2019-06-29,116612.3996
2019-06-30,4058995.7863
2019-07-01,1386889.2354
2019-07-02,5074689.9158
2019-07-04,3140759.6910
2019-07-05,2453435.5797
2019-07-06,2956539.5685
2019-07-07,2045381.0600
2019-07-08,1859877.0298
2019-07-09,2451086.9749
2019-07-10,780380.2843
2019-07-11,2145989.6360
2019-07-12,2908770.8078
2019-07-13,4200717.9196
2019-07-14,4428370.9839
2019-07-15,4849708.3495
2019-07-16,4381057.6368
2019-07-17,3828101.2034
2019-07-18,3475963.3126
2019-07-19,2547756.0943
2019-07-20,1879976.1564
2019-07-21,1892849.6341
2019-07-22,1559472.2387
2019-07-23,1684937.4596
2019-07-24,1645418.9846
2019-07-25,1884470.1846
2019-07-26,2208672.2116
2019-07-27,2948674.3927
2019-07-28,3706925.7995
2019-07-29,4487891.6857
2019-07-30,5134290.6601
2019-07-31,5437843.0675
2019-08-01,4774990.8752
2019-08-02,33758.0181
2019-08-03,653847.6609
2019-08-04,3068015.8811
2019-08-05,2883843.1376
2019-08-06,1936775.0574
2019-08-07,65171.6122
2019-08-10,2562206.7819
2019-08-11,3558296.5108
2019-08-12,4230513.6912
2019-08-13,4877311.5124
2019-08-14,3750354.2479
2019-08-15,3714684.1473
2019-08-16,218350.0677
2019-08-17,2803466.7321
2019-08-18,2754172.8374
2019-08-19,2304411.9171
2019-08-20,120450.1452
2019-09-03,5319.5130
2019-09-04,50046.7823
2019-09-05,245118.5336
2019-09-06,38723.1944
2019-09-07,114782.9176
2019-09-09,137916.4901
2019-09-10,1479742.1705
2019-09-11,1670947.0651
2019-09-12,3589422.1293
2019-09-13,789238.5596
2019-09-18,1419235.0842
2019-09-19,1483170.7862
2019-09-20,1875008.3556
2019-09-21,1610548.5576
2019-09-22,2562220.8900
2019-09-23,1094706.6903
2019-09-24,134067.5985
2019-09-26,533561.3104
2019-09-29,13803.9833
2019-09-30,2834397.0837
2019-10-01,2321373.7494
2019-10-02,4102635.3163
2019-10-03,3331772.7274
2019-10-04,2885134.3929
2019-10-05,2396233.2030
2019-10-06,2352933.4854
2019-10-07,1053456.4656
2019-10-08,2602547.2150
2019-10-09,3093915.2767
2019-10-10,3017112.8936
2019-10-11,2870672.7250
2019-10-12,2751786.3741
2019-10-13,2800551.0773
2019-10-14,3261319.2802
2019-10-15,3434674.9629
2019-10-16,3699497.6481
2019-10-17,471289.1577
2019-10-18,3548888.8319
2019-10-19,3078774.4473
2019-10-20,2744556.0154
2019-10-21,2374366.0847
2019-10-22,2404129.7657
2019-10-23,1677633.6181
2019-10-24,2845898.9805
2019-10-25,2954326.1136
2019-10-26,3596599.0482
2019-10-27,3560032.3936
2019-10-28,4720440.6256
2019-10-29,3435210.1180
2019-10-30,3359786.9538
2019-10-31,4050201.5757
2019-11-01,3600393.7391
2019-11-02,2984412.8731
2019-11-03,2750234.9325
2019-11-04,1830124.9233
2019-11-05,143552.1889
2019-11-06,1566854.5072
2019-11-07,590193.7041
2019-11-08,2402855.3717
2019-11-09,2628423.0768
2019-11-10,3318693.1364
2019-11-11,3248337.2196
2019-11-12,2423022.1712
2019-11-13,3972983.0675
2019-11-14,4138780.9347
2019-11-15,4197398.9332
2019-11-16,3999848.7111
2019-11-17,3427227.0898
2019-11-18,3089230.5613
2019-11-19,2587962.2031
2019-11-20,1992470.3242
2019-11-21,194664.0258
2019-11-22,2825590.6245
2019-11-23,3211256.1863
2019-11-24,3406566.8492
2019-11-25,262372.2018
2019-11-26,4368017.9660
2019-11-27,4619457.3243
2019-11-28,4465709.6481
2019-11-29,4286001.8576
2019-11-30,3754125.5682
2019-12-01,3212308.9451
2019-12-02,2567749.6544
2019-12-03,2006102.2907
2019-12-04,1262849.4751
2019-12-05,1243686.1713
2019-12-06,1366471.2896
2019-12-07,1982223.1009
2019-12-08,2422098.7660
2019-12-09,2923295.9996
2019-12-10,3376216.0865
2019-12-11,3882616.1813
2019-12-12,4353785.9679
2019-12-13,4562616.1470
2019-12-14,4678599.3848
2019-12-15,4443169.2773
2019-12-16,4054829.5834
2019-12-17,3468444.2652
2019-12-18,2681066.5226
2019-12-19,1981479.8731
2019-12-20,2073657.0649
2019-12-21,2377390.0655
2019-12-22,251723.4126
2019-12-23,3124057.5701
2019-12-24,3687690.3956
2019-12-25,4035251.2583
2019-12-26,4268440.9265
2019-12-27,4296649.5574
2019-12-28,4291350.6445
2019-12-29,4033749.0301
2019-12-30,3579228.1688
2019-12-31,3038379.2668
2020-01-01,2257689.4234
2020-01-02,1631974.7476
2020-01-03,1731819.8925
2020-01-04,1708512.6564
2020-01-05,107189.7049
2020-01-06,2256244.0946
2020-01-07,2816721.9780
2020-01-08,3543630.5365
2020-01-09,3979260.8785
2020-01-10,4369795.1734
2020-01-11,4734772.0956
2020-01-12,4847101.0982
2020-01-13,4888573.7428
2020-01-14,3944287.4391
2020-01-15,3819601.6675
2020-01-16,2787726.7188
2020-01-17,2353643.2922
2020-01-18,40645.0005
2020-01-19,152667.0211
2020-01-20,2583151.1355
2020-01-21,3160697.6516
2020-01-22,3472163.3684
2020-01-23,3680603.3405
2020-01-24,3400460.9039
2020-01-25,4121955.6613
2020-01-26,4348612.1137
2020-01-27,3983900.4546
2020-01-28,3693938.3345
2020-01-29,3249796.5687
2020-01-30,2610574.1173
2020-01-31,2029093.8999
2020-02-01,2116371.9380
2020-02-02,2015269.4113
2020-02-03,1973926.0511
2020-02-04,2006243.6872
2020-02-05,2508596.2235
2020-02-06,3152967.0711
2020-02-07,48965.7982
2020-02-08,1237974.5134
2020-02-09,4644784.3961
2020-02-10,4841301.8640
2020-02-11,4839041.2970
2020-02-12,4302290.6764
2020-02-13,3633339.2004
2020-02-14,2395808.2983
2020-02-15,59912.6932
2020-02-16,2452246.0531
2020-02-17,2316352.0971
2020-02-18,2203729.3756
2020-02-19,2629813.8573
2020-02-20,2932418.9108
2020-02-21,3319348.0817
2020-02-22,3389810.9856
2020-02-23,3450712.1298
2020-02-24,3685438.3918
2020-02-25,3631189.1026
2020-02-26,3251029.1968
2020-02-27,3089647.6930
2020-02-28,2708708.7381
2020-02-29,2055226.1437
2020-03-01,44252.2141
2020-03-02,2029882.7145
2020-03-03,2106901.7481
2020-03-04,1771215.7746
2020-03-05,1658764.6743
2020-03-06,3103063.0332
2020-03-07,3467544.6429
2020-03-08,3899220.9432
2020-03-09,4236635.7517
2020-03-10,4306611.5987
2020-03-11,4139518.5910
2020-03-12,3755474.1382
2020-03-13,3130151.1323
2020-03-14,1982250.6986
2020-03-15,2019471.7009
2020-03-16,1070267.9500
2020-03-17,1677838.8132
2020-03-18,2003021.3550
2020-03-19,2163886.6106
2020-03-20,2808343.5293
2020-03-21,3461004.2367
2020-03-22,2777670.2008
2020-03-23,2768647.6304
2020-03-24,3110180.5866
2020-03-25,2927579.9327
2020-03-26,2873344.8752
2020-03-27,2793726.6994
2020-03-28,2305394.7089
2020-03-29,1718097.6871
2020-03-30,1654231.0938
2020-03-31,1454223.7598
2020-04-01,1671035.3898
2020-04-02,1766407.2235
2020-04-03,2585496.8663
2020-04-04,2983263.6845
2020-04-05,3242640.6738
2020-04-06,3177940.0964
2020-04-07,4076739.3775
2020-04-08,3222578.0350
2020-04-09,3970479.9921
2020-04-10,3006530.1524
2020-04-11,2564405.4544
2020-04-12,1708153.0077
2020-04-13,1202743.0723
2020-04-14,1533258.5249
2020-04-15,1393169.2201
2020-04-16,2029434.6970
2020-04-17,2650731.6621
2020-04-18,2611035.6811
2020-04-19,2612391.9348
2020-04-20,2821852.0307
2020-04-21,3537643.2586
2020-04-22,3551745.5232
2020-04-23,3770058.5865
2020-04-24,3563509.2753
2020-04-25,3044443.6778
2020-04-26,1870134.3895
2020-04-27,1536522.8796
2020-04-28,1235416.0567
2020-04-29,448673.3198
2020-04-30,1554816.6603
2020-05-01,1977082.7458
2020-05-02,2563003.4697
2020-05-03,3186659.9039
2020-05-04,3841418.2775
2020-05-05,3861848.9817
2020-05-06,3759785.2926
2020-05-07,4762612.7323
2020-05-08,4351023.9729
2020-05-09,202213.2259
2020-06-01,65026758.3218
2020-06-02,296354681.2385
2020-06-03,9024487.9133
2020-06-04,4904124.1322
2020-06-05,4648047.3686
2020-06-06,4423858.4953
2020-06-07,3668281.7757
2020-06-08,2701796.0977
2020-06-09,1526072.5933
2020-06-10,1230981.7525
2020-06-11,379210.1224
2020-06-12,1343009.3629
2020-06-13,1810276.3550
2020-06-14,1945142.1224
2020-06-15,2440568.4462
2020-06-16,2653659.5950
2020-06-17,3001715.8652
2020-06-18,3661131.1192
2020-06-19,4189478.8254
2020-06-20,109668.6368
2020-06-21,4676341.5412
2020-06-22,4025345.9565
2020-06-23,20472.1162
2020-06-24,2024310.3293
2020-06-25,2047519.3094
2020-06-26,514036.1648
2020-06-27,2092393.8461
2020-06-28,2313009.2302
2020-06-29,2819365.3863
2020-06-30,3331074.4284
2020-07-01,3513028.3679
2020-07-02,4236751.4715
2020-07-03,4733075.2793
2020-07-04,4748579.6592
2020-07-05,4529623.5787
2020-07-06,3573162.1715
2020-07-07,3021201.4888
2020-07-08,1913818.9880
2020-07-09,1430762.1726
2020-07-10,1803962.4832
2020-07-11,1297263.8059
2020-07-12,1648155.3804
2020-07-13,1838235.3515
2020-07-14,2080723.2383
2020-07-15,2361081.1399
2020-07-16,3165664.5299
2020-07-17,3841262.7797
2020-07-18,4575934.8170
2020-07-19,4806204.0051
2020-07-20,4715720.1172
2020-07-21,4452053.7062
2020-07-22,97234.9237
2020-07-23,2613456.9999
2020-07-24,2759251.0875
2020-07-25,2560298.6400
2020-07-26,2386047.7495
2020-07-27,2437179.7818
2020-07-28,2928773.7623
2020-07-29,1552115.7621
2020-07-30,3471287.4719
2020-07-31,4240367.6787
2020-08-01,4373504.3219
2020-08-02,4443179.9909
2020-08-03,4383512.3293
2020-08-04,4216689.6205
2020-08-05,3106747.6069
2020-08-06,2470237.8746
2020-08-07,2461574.5585
2020-08-08,2176367.9487
2020-08-09,2141416.4659
2020-08-10,1985218.3967
2020-08-11,1909602.4194
2020-08-12,2101642.8083
2020-08-13,1052085.4021
2020-08-14,3126606.3406
2020-08-15,494842.2408
2020-08-16,4551711.8386
2020-08-17,4984456.3476
2020-08-18,57325.2207
2020-08-20,0.2338
2020-08-21,375267414.8391
2020-08-22,70750.9478
2020-08-23,3843749.3651
2020-08-24,2078246.9664
2020-08-25,1650824.2156
2020-08-26,65199280.6995
2020-08-27,158264331.5757
2020-08-28,6758052.2538
2020-08-29,4293590.0750
2020-08-30,4442501.3588
2020-08-31,4368554.2350
2020-09-01,1535724.8716
2020-09-02,3746429.6261
2020-09-03,3272540.8096
2020-09-04,2908372.7998
2020-09-05,1071666.4858
2020-09-06,2704614.1541
2020-09-07,2755976.3661
2020-09-08,2527041.6050
2020-09-09,240220.8700
2020-09-10,2151849.7400
2020-09-11,2333048.8529
2020-09-12,2858764.6537
2020-09-13,3585298.3050
2020-09-14,4033639.9076
2020-09-15,4507624.4122
2020-09-16,4337524.7140
2020-09-17,1158176.3526
2020-09-18,1051682.7901
2020-09-22,18104.4241
2020-09-23,285247978.4532
2020-09-24,6817145.6544
2020-09-25,2781370.4212
2020-09-26,2920508.2129
2020-09-27,3066861.8923
2020-09-28,3250393.0840
2020-09-29,3394373.7087
2020-09-30,3400958.7048
2020-10-01,3264385.2819
2020-10-02,3008484.1381
2020-10-03,3225130.8281
2020-10-04,3540221.6524
2020-10-05,3275147.0008
2020-10-06,3184744.5322
2020-10-07,2983570.0531
2020-10-08,2610079.7841
2020-10-09,2470741.8701
2020-10-10,2388659.0573
2020-10-11,2559434.5356
2020-10-12,2845481.0604
2020-10-13,3375290.8268
2020-10-14,3468327.7362
2020-10-15,3517637.1672
2020-10-16,3458499.1644
2020-10-17,3436806.8025
2020-10-18,4739558.5197
2020-10-19,4662056.1354
2020-10-20,4461081.9036
2020-10-21,3660998.5768
2020-10-22,2897401.5827
2020-10-23,2290968.0173
2020-10-24,2130721.1993
2020-10-25,2111421.0952
2020-10-26,753359.6351
2020-10-27,2420462.9742
2020-10-28,2554425.9617
2020-10-29,2646175.8421
2020-10-30,9404.4591
2020-11-04,142.6436
2020-11-05,159002698.4306
2020-11-06,4241869.7009
2020-11-07,2831770.0247
2020-11-08,2369082.6959
2020-11-09,2160192.5595
2020-11-10,2132957.8864
2020-11-11,2886584.8690
2020-11-12,3262292.0821
2020-11-13,3600221.3282
2020-11-14,4151035.8598
2020-11-15,4819418.1185
2020-11-16,4997496.6302
2020-11-17,4761918.2006
2020-11-18,4454335.4326
2020-11-19,3843469.8653
2020-11-20,3052204.0801
2020-11-21,2298041.4934
2020-11-22,1614408.9879
2020-11-23,1285099.6928
2020-11-24,1706399.3436
2020-11-25,1962994.1124
2020-11-26,2421661.8179
2020-11-27,2688029.0509
2020-11-28,3161261.2670
2020-11-29,3503291.4426
2020-11-30,4068308.7818
2020-12-01,4001944.2711
2020-12-02,3993815.4824
2020-12-03,4101784.3409
2020-12-04,3785862.0482
2020-12-05,3519810.0500
2020-12-06,2988022.6449
2020-12-07,57046.9706
2020-12-08,1792172.0161
2020-12-09,1776158.3417
2020-12-10,2414561.4309
2020-12-11,2956453.3759
2020-12-12,3475492.2130
2020-12-13,4230402.8402
2020-12-14,4721030.2633
2020-12-15,4731543.7287
2020-12-16,4874022.6483
